Billing Management,
Payment Processing,
Email Server,
Email Marketing,
Content Management,
Call Center Management,
Customer Relationship Management,
Enterprise Resource Planning,
Business Intelligence,
Business Continuity Planning,
Human Resources Management,
Enterprise Application Integration,
Enterprise Search,
Enterprise Service Bus,
Enterprise Architecture Management,
Virtualization Center,
Payroll System,
Monitoring System,
Event Bus System,
Border Firewall,
Supply Chain Management,
Backup Center,
Business Process Management,
Master Data Management,
Enterprise Asset Management,
Media Streaming Center,
ECommerce Center,
Cloud Orchestration Center,
Reporting System,
Time and Labor Management,
Workforce Administration,
Project Management,
Inventory Management,
Support Center,
Cashflow Management,
Quality Assurance,
Test Management,
Configuration Management Database,
IT Landscape Management,
Build Server,
Version Control System,
Instant Messaging,
Network Management,
